# Immutable exceptions captured 2026-10-02 from HEAD; remove entries after refactoring.
ce1af8bf938a31ef7e0eb0c767e976430bba1dd59353e932e7fc5b9f041e1525	src/main/java/com/example/survey/CustomerSurveyBackendApplication.java
247c2df0b653fbfbf43a7c03f8193a555fa04b64c2fe1a6167e1937d93f3b9c9	src/main/java/com/example/survey/client/OrgApiCompanyDbClient.java
6f8d06755541259274f0bc582b4db7ea02538e7a25698d5381679e34c35fa4b7	src/main/java/com/example/survey/client/SystemParameterClient.java
cf31401774823465668f003fc775fb21cdc2eda170e54048a5a7616c5b145216	src/main/java/com/example/survey/common/GlobalExceptionHandler.java
d3a408af7ef90ff0e73ea44915dfa057fc6a4414f7c85da258aba539ffd067af	src/main/java/com/example/survey/config/OrgApiClientConfig.java
822b6c854a53876722e6da822b451408a0e4c568131d953124efb814dca94891	src/main/java/com/example/survey/config/TenantDataSourceConfig.java
ad52740cf822aa43e1bdf6858b7d88d1ec3b605200df869cc319621673c01ebc	src/main/java/com/example/survey/config/WebConfig.java
0c1a0a8d9be212a82eaeafe3b1efa3e4d31a22cdf8c38f7c7479abb822bba7a1	src/main/java/com/example/survey/controller/DepartmentController.java
f22812d2aa31f19e874c8628fd74a7355b3374b7d74b71cb25ee14169dfc63c0	src/main/java/com/example/survey/controller/EvaluationController.java
e413423ba2ccd2b5511f20bb763139a4547f397ab24243e4cd4b1e18a26a956a	src/main/java/com/example/survey/controller/EvaluationDistributionController.java
bd57400be185ea9a10e81eff371d5dda41d37791d1bfaef5e562e335124c9ee3	src/main/java/com/example/survey/controller/EvaluationRatingController.java
2742c3bd25d735e7087fbaf396381572b6362886e884eec92ce53c4f794c5e65	src/main/java/com/example/survey/controller/FormConfigController.java
902c40d5ef1c2498701073c99a6e1323ffc9c7e91cef58fd1c8ee4775c88c404	src/main/java/com/example/survey/controller/ProjectController.java
fe90b29a59f12d43775d6f0166ea40cd6be852a21788c8e8272ba08d88b46a55	src/main/java/com/example/survey/controller/StaffController.java
31b9292bce93a1f1c55ac2f8db8d2a7b9eca7cab9e895da02fe9435485eb8b09	src/main/java/com/example/survey/controller/SurveyController.java
21acd9fc46a717bd53786d121956ed0203bf5613aee0143ea835afed47c83de8	src/main/java/com/example/survey/controller/Valid.java
6f88eb87e041fbef939fa09446108909f58ac4168afa3eb65736cb2c90b2d062	src/main/java/com/example/survey/dto/EvaluationDistributionFullDTO.java
36f1f6484249cdc69454fbc81b2543ff023554c8dbeabc4d1d3f554f7847375d	src/main/java/com/example/survey/dto/EvaluationRatingRequest.java
444e539b68d8a61ef5a1e9fcc143a4109f5d9dfb0ebaa6c70bb843bc6ba0d958	src/main/java/com/example/survey/dto/FormQuestionDTO.java
639ee67b3505794c6f6ed81ffb329701591a1074cd25d6bd2ef57b7f01ce3f5b	src/main/java/com/example/survey/dto/NotificationConfigDTO.java
a4046e53044270b099fb95141fa092ea3744f4f08078af6b73c50eedd8c852df	src/main/java/com/example/survey/dto/StaffDTO.java
d1c3401ba87e19a0a7bb7b3b9d4c84d2630549d143459194519e8cb950125a70	src/main/java/com/example/survey/model/Department.java
35114b3794a7463f8c57428b1f3d04fc01be611a16cf842e5f93d01688928c78	src/main/java/com/example/survey/model/EvaluationDistribution.java
43f26e1818359d05bcf19144dff106b663d7be30ceecb7b0098546bbb0640d0c	src/main/java/com/example/survey/model/EvaluationDistributionNonProj.java
4ca5583b53be1a7cb840e8cc3b5f7d57cbc229973f58e5bb23adb05314431492	src/main/java/com/example/survey/model/EvaluationFormType.java
84de4ca4c029f5f29f80e550f56b5921e676a3fc21628ba993b08458603bf924	src/main/java/com/example/survey/model/EvaluationFormTypeDetQuest.java
33d3bf0ce344427a18b7bc9438a6da4da86feee219413a6ef29a955cdc1b25bf	src/main/java/com/example/survey/model/EvaluationRating.java
994fa6fc3fded3aea994346ebd4df25a2f7d97bcec5d6b2ec36cba8c5823d8fb	src/main/java/com/example/survey/model/EvaluationRatingsDuplication.java
c100bec1756a5dc97eae815aa1673f80e1badd21a9045997192c427dce081c23	src/main/java/com/example/survey/model/Project.java
42d66ca843d090a9aa6dd331fa9879c7e68c7aa416984f075f063cce1f072583	src/main/java/com/example/survey/model/Staff.java
16570a74aa7c38287a52fe45261ff39f0aa7770466a76442109d9a34961e1291	src/main/java/com/example/survey/model/StaffEvaluation.java
0c001761d92c49df4e09f8cc81921f788cc496ccb59622dade3e7869575d642c	src/main/java/com/example/survey/model/SurveyResponse.java
f0c3a5dac5db87f96b43360d32671c0e633fe2f54315b17e0924a318b1b53653	src/main/java/com/example/survey/repository/DepartmentRepository.java
079fb0f5bab0bc3191104563d9b7ca5b7e68b23d0cf86e462272aeb873db8090	src/main/java/com/example/survey/repository/EvaluationDistributionNonProjRepository.java
29c8adc02c41a4a39ed7e9e3f6a09f11bc9b18659485b8e3c1db1de482d9531f	src/main/java/com/example/survey/repository/EvaluationDistributionRepository.java
69198cf770661de8758fdf589d09d17d997e56e2e7e87866c6675d3937412102	src/main/java/com/example/survey/repository/EvaluationFormTypeDetQuestRepository.java
21463f853c249151e1b0afab66235b8925e3307562b30957e7e67b378fa69563	src/main/java/com/example/survey/repository/EvaluationRatingRepository.java
c5cd3ee7d6720d2caf4354b670db88a970507b2e71f09eb11a2f86b1528957aa	src/main/java/com/example/survey/repository/EvaluationRatingsDuplicationRepository.java
ef2ec993df2130229e0bf544ed309ec38b94af64fc23e3fe343af79d51987b83	src/main/java/com/example/survey/repository/ProjectRepository.java
4acad69c7bb6dfd56eac1c45989811156a001db35371240619777879335335b5	src/main/java/com/example/survey/repository/StaffEvaluationRepository.java
9755dc5e63525eaa918e5f91c9a70391852abbc3ee75625e415a1490aaf26459	src/main/java/com/example/survey/repository/StaffRepository.java
7c435695c1c2299edae81281524b305da2a9ce80fa04362e03365ccbf3997e6d	src/main/java/com/example/survey/repository/SurveyResponseRepository.java
7940901ece5934cf1c6a525badaab3c59935f6d9bee49ac2680745969777e2cb	src/main/java/com/example/survey/service/CompanyDbLookupService.java
304be8e250d6ba9e0219a2d287843ff572678837a10467c41fdf7fcc007b65fe	src/main/java/com/example/survey/service/DataMigrationService.java
b084638e21cdd9801d0d7a2600c287af00a34525fd9e12e8af6212a602cd9869	src/main/java/com/example/survey/service/EvaluationDistributionService.java
e37e52c2b231676533fdc1343f7923b96cc28f03308db441a9207c821c429c97	src/main/java/com/example/survey/service/EvaluationRatingService.java
b081535bf649f4f82da3c8890dfee80662ac0b431e599c3d164ab454fb040bc7	src/main/java/com/example/survey/service/notification/NotificationConfigCacheService.java
651cc1e0859a3351c360efd318fb62f85e85fef0aaf89a01f696e3ff46a4e872	src/main/java/com/example/survey/tenancy/CompanyDataSourceRegistry.java
ca88419e7375d0c43da299ed4421493d40c71e63ba4f434760c56285ca52e6c7	src/main/java/com/example/survey/tenancy/CompanyDbLookupException.java
e1476857bf7db7b7eba867ab5aae7eef59a2f1a09e41cab93c5fa27b4a7bdd84	src/main/java/com/example/survey/tenancy/TenantContext.java
4a6fe48a23d620ff8538154c5b4889d0fa321f536baaa7011c0b4cf47d74a22b	src/main/java/com/example/survey/tenancy/TenantResolutionFilter.java
6ba8bc3c84a681459e7958f870bb0e3606d47b9253741a9811de669a3801e882	src/main/java/com/example/survey/tenancy/TenantResolver.java
e9a60ad05711a1051915aaef4da04391cc81487b49efc4daccc88232773ee76f	src/main/java/com/example/survey/tenancy/TenantRoutingDataSource.java
